"日産証券株式会社","取得失敗","取得失敗","https://job.rikunabi.com/2026/company/r119330073/"
"株式会社Ｌｉｖ．Ｄｅｓｉｇｎ","0120-975-820","jinji@liv-design.jp","https://job.rikunabi.com/2026/company/r150851004/"
"ばんせい証券株式会社","0120-77-6640","取得失敗","https://job.rikunabi.com/2026/company/r636010046/"
"徳島県農業協同組合","088-634-2330","取得失敗","https://job.rikunabi.com/2026/company/r958392006/"
"内山鑑定株式会社","0120-965-462","saiyou@uchiyama.co.jp","https://job.rikunabi.com/2026/company/r135020038/"
"株式会社ETERNAL","078-241-4201","取得失敗","https://job.rikunabi.com/2026/company/r578310029/"
"アーク証券株式会社","03-5288-8127","取得失敗","https://job.rikunabi.com/2026/company/r489200031/"
"株式会社ニュータス","052-204-8788","取得失敗","https://job.rikunabi.com/2026/company/r422090017/"
"豊トラスティ証券株式会社","0120-35-4081","honsha-jinji@yutaka-trusty.co.jp","https://job.rikunabi.com/2026/company/r621700043/"
"岐阜商工信用組合","058-214-6354","取得失敗","https://job.rikunabi.com/2026/company/r156672099/"
"徳島市農業協同組合","088-622-6335","取得失敗","https://job.rikunabi.com/2026/company/r914130088/"
"マイコミュニケーション株式会社","0120-957-488","取得失敗","https://job.rikunabi.com/2026/company/r742701091/"
"光証券株式会社","078-391-2305","取得失敗","https://job.rikunabi.com/2026/company/r265672007/"
"極東証券株式会社","03-3666-5131","saiyo2026@kyokuto-sec.co.jp","https://job.rikunabi.com/2026/company/r214300041/"
"株式会社　証券ジャパン","取得失敗","jinji@secjp.co.jp","https://job.rikunabi.com/2026/company/r932330088/"
"ひまわり信用金庫","0246-23-8500","jinjika@hsb.co.jp","https://job.rikunabi.com/2026/company/r460682030/"
"静岡保険総合サービス株式会社","054-254-2677","kondok@shizuokahoken.co.jp","https://job.rikunabi.com/2026/company/r576142072/"
"株式会社徳島大正銀行","088-656-1130","取得失敗","https://job.rikunabi.com/2026/company/r762500001/"
"観音寺信用金庫","0875-25-2181","取得失敗","https://job.rikunabi.com/2026/company/r777020055/"
"ベストセレクション株式会社","04-2921-3741","取得失敗","https://job.rikunabi.com/2026/company/r194772008/"
"株式会社トヨタレンタリース京都","075-321-1101","hr-recruit@r-kyoto.co.jp","https://job.rikunabi.com/2026/company/r395691018/"
"めぐみの農業協同組合","0575-23-5173","jinji@ja-megumino.or.jp","https://job.rikunabi.com/2026/company/r706681009/"
"鹿児島信用金庫","099-224-8435","jinji@kashin.co.jp","https://job.rikunabi.com/2026/company/r421310031/"
"広田証券株式会社","06-6201-1181","取得失敗","https://job.rikunabi.com/2026/company/r802600004/"
"株式会社トヨタレンタリース山形","023-624-7100","取得失敗","https://job.rikunabi.com/2026/company/r377800060/"
"稚内信用金庫","0162-23-3222","取得失敗","https://job.rikunabi.com/2026/company/r692700090/"
"ジェイアンドエス保険サービス株式会社","03-3668-4137","取得失敗","https://job.rikunabi.com/2026/company/r797900085/"
"大分信用金庫","097-543-8028","取得失敗","https://job.rikunabi.com/2026/company/r866391011/"
"株式会社プライムアシスタンス","0120-213-655","取得失敗","https://job.rikunabi.com/2026/company/r763542054/"
"全東栄信用組合","03-3986-0177","取得失敗","https://job.rikunabi.com/2026/company/r973400078/"
"八幡信用金庫","0575-65-3122","info@hachimanshinkin.jp","https://job.rikunabi.com/2026/company/r571681061/"
"サンワード証券株式会社","0120-934-179","取得失敗","https://job.rikunabi.com/2026/company/r936072000/"
"株式会社エヌディエスリース","052-773-2299","取得失敗","https://job.rikunabi.com/2026/company/r982003089/"
"銀泉株式会社","03-6846-5974","recruit@ginsen-gr.co.jp","https://job.rikunabi.com/2026/company/r454300007/"
"日田信用金庫","0973-23-6125","取得失敗","https://job.rikunabi.com/2026/company/r830782005/"
"気仙沼信用金庫","0226-22-6832","取得失敗","https://job.rikunabi.com/2026/company/r251532043/"
"株式会社ニッパンレンタル","027-243-7711","取得失敗","https://job.rikunabi.com/2026/company/r461772020/"
"株式会社滋賀銀行","077-525-5812","取得失敗","https://job.rikunabi.com/2026/company/r209300023/"
"紀北信用金庫","取得失敗","k-kensyu@kihokushinkin.co.jp","https://job.rikunabi.com/2026/company/r663781020/"
"川之江信用金庫","取得失敗","取得失敗","https://job.rikunabi.com/2026/company/r754420087/"
"株式会社ニシケン","092-623-2323","harashima-2269@r-nishiken.co.jp","https://job.rikunabi.com/2026/company/r182012085/"
"株式会社白光","06-6794-1388","取得失敗","https://job.rikunabi.com/2026/company/r368081086/"
"第一生命保険株式会社　ライフプロフェッショナル職","0120-318-248","取得失敗","https://job.rikunabi.com/2026/company/r526400020/"
"九州日本信販株式会社","093-663-1762","取得失敗","https://job.rikunabi.com/2026/company/r655972088/"
"協栄信用組合","取得失敗","取得失敗","https://job.rikunabi.com/2026/company/r995872007/"
"株式会社損害保険リサーチ","03-6233-2237","26sonpo-r@mail-recruit.jp","https://job.rikunabi.com/2026/company/r168310092/"
"株式会社フィナンシャル・エージェンシー","0120-997-323","fa-recruitment@financial-agency.com","https://job.rikunabi.com/2026/company/r228110041/"
"日産証券株式会社","取得失敗","取得失敗","https://job.rikunabi.com/2026/company/r119330073/"
"株式会社Ｌｉｖ．Ｄｅｓｉｇｎ","0120-975-820","jinji@liv-design.jp","https://job.rikunabi.com/2026/company/r150851004/"
"ばんせい証券株式会社","0120-77-6640","取得失敗","https://job.rikunabi.com/2026/company/r636010046/"
"徳島県農業協同組合","088-634-2330","取得失敗","https://job.rikunabi.com/2026/company/r958392006/"
"内山鑑定株式会社","0120-965-462","saiyou@uchiyama.co.jp","https://job.rikunabi.com/2026/company/r135020038/"
"株式会社ETERNAL","078-241-4201","取得失敗","https://job.rikunabi.com/2026/company/r578310029/"
"アーク証券株式会社","03-5288-8127","取得失敗","https://job.rikunabi.com/2026/company/r489200031/"
"株式会社ニュータス","052-204-8788","取得失敗","https://job.rikunabi.com/2026/company/r422090017/"
"豊トラスティ証券株式会社","0120-35-4081","honsha-jinji@yutaka-trusty.co.jp","https://job.rikunabi.com/2026/company/r621700043/"
"岐阜商工信用組合","058-214-6354","取得失敗","https://job.rikunabi.com/2026/company/r156672099/"
"徳島市農業協同組合","088-622-6335","取得失敗","https://job.rikunabi.com/2026/company/r914130088/"
"マイコミュニケーション株式会社","0120-957-488","取得失敗","https://job.rikunabi.com/2026/company/r742701091/"
"光証券株式会社","078-391-2305","取得失敗","https://job.rikunabi.com/2026/company/r265672007/"
"極東証券株式会社","03-3666-5131","saiyo2026@kyokuto-sec.co.jp","https://job.rikunabi.com/2026/company/r214300041/"
"株式会社　証券ジャパン","取得失敗","jinji@secjp.co.jp","https://job.rikunabi.com/2026/company/r932330088/"
"ひまわり信用金庫","0246-23-8500","jinjika@hsb.co.jp","https://job.rikunabi.com/2026/company/r460682030/"
"静岡保険総合サービス株式会社","054-254-2677","kondok@shizuokahoken.co.jp","https://job.rikunabi.com/2026/company/r576142072/"
"株式会社徳島大正銀行","088-656-1130","取得失敗","https://job.rikunabi.com/2026/company/r762500001/"
"観音寺信用金庫","0875-25-2181","取得失敗","https://job.rikunabi.com/2026/company/r777020055/"
"ベストセレクション株式会社","04-2921-3741","取得失敗","https://job.rikunabi.com/2026/company/r194772008/"
"株式会社トヨタレンタリース京都","075-321-1101","hr-recruit@r-kyoto.co.jp","https://job.rikunabi.com/2026/company/r395691018/"
"めぐみの農業協同組合","0575-23-5173","jinji@ja-megumino.or.jp","https://job.rikunabi.com/2026/company/r706681009/"
"鹿児島信用金庫","099-224-8435","jinji@kashin.co.jp","https://job.rikunabi.com/2026/company/r421310031/"
"日産証券株式会社","取得失敗","取得失敗","https://job.rikunabi.com/2026/company/r119330073/"
"株式会社Ｌｉｖ．Ｄｅｓｉｇｎ","0120-975-820","jinji@liv-design.jp","https://job.rikunabi.com/2026/company/r150851004/"
"ばんせい証券株式会社","0120-77-6640","取得失敗","https://job.rikunabi.com/2026/company/r636010046/"
"徳島県農業協同組合","088-634-2330","取得失敗","https://job.rikunabi.com/2026/company/r958392006/"
"内山鑑定株式会社","0120-965-462","saiyou@uchiyama.co.jp","https://job.rikunabi.com/2026/company/r135020038/"
"株式会社ETERNAL","078-241-4201","取得失敗","https://job.rikunabi.com/2026/company/r578310029/"
"アーク証券株式会社","03-5288-8127","取得失敗","https://job.rikunabi.com/2026/company/r489200031/"
"株式会社ニュータス","052-204-8788","取得失敗","https://job.rikunabi.com/2026/company/r422090017/"
"豊トラスティ証券株式会社","0120-35-4081","honsha-jinji@yutaka-trusty.co.jp","https://job.rikunabi.com/2026/company/r621700043/"
"岐阜商工信用組合","058-214-6354","取得失敗","https://job.rikunabi.com/2026/company/r156672099/"
"徳島市農業協同組合","088-622-6335","取得失敗","https://job.rikunabi.com/2026/company/r914130088/"
"マイコミュニケーション株式会社","0120-957-488","取得失敗","https://job.rikunabi.com/2026/company/r742701091/"
"光証券株式会社","078-391-2305","取得失敗","https://job.rikunabi.com/2026/company/r265672007/"
"極東証券株式会社","03-3666-5131","saiyo2026@kyokuto-sec.co.jp","https://job.rikunabi.com/2026/company/r214300041/"
"株式会社　証券ジャパン","取得失敗","jinji@secjp.co.jp","https://job.rikunabi.com/2026/company/r932330088/"
"ひまわり信用金庫","0246-23-8500","jinjika@hsb.co.jp","https://job.rikunabi.com/2026/company/r460682030/"
"静岡保険総合サービス株式会社","054-254-2677","kondok@shizuokahoken.co.jp","https://job.rikunabi.com/2026/company/r576142072/"
"株式会社徳島大正銀行","088-656-1130","取得失敗","https://job.rikunabi.com/2026/company/r762500001/"
"観音寺信用金庫","0875-25-2181","取得失敗","https://job.rikunabi.com/2026/company/r777020055/"
"ベストセレクション株式会社","04-2921-3741","取得失敗","https://job.rikunabi.com/2026/company/r194772008/"
"株式会社トヨタレンタリース京都","075-321-1101","hr-recruit@r-kyoto.co.jp","https://job.rikunabi.com/2026/company/r395691018/"
"めぐみの農業協同組合","0575-23-5173","jinji@ja-megumino.or.jp","https://job.rikunabi.com/2026/company/r706681009/"
"鹿児島信用金庫","099-224-8435","jinji@kashin.co.jp","https://job.rikunabi.com/2026/company/r421310031/"
"広田証券株式会社","06-6201-1181","取得失敗","https://job.rikunabi.com/2026/company/r802600004/"
"株式会社トヨタレンタリース山形","023-624-7100","取得失敗","https://job.rikunabi.com/2026/company/r377800060/"
"稚内信用金庫","0162-23-3222","取得失敗","https://job.rikunabi.com/2026/company/r692700090/"
"ジェイアンドエス保険サービス株式会社","03-3668-4137","取得失敗","https://job.rikunabi.com/2026/company/r797900085/"
